{
    "accuracy": 0.8321759259259259,
    "loss": 0.6717254896275039
}