{
    "accuracy": 0.7425595238095238,
    "loss": 0.937298698084695
}