{
    "accuracy": 0.2650462962962963,
    "loss": 1.562702315825003
}