{
    "accuracy": 0.6944444444444444,
    "loss": 1.469892557663025
}