{
    "accuracy": 0.7928240740740741,
    "loss": 0.7284350191001538
}