{
    "accuracy": 0.35648148148148145,
    "loss": 6.746016678986726
}