{
    "accuracy": 0.5393518518518519,
    "loss": 0.5393518518518519
}