{
    "accuracy": 0.8055555555555556,
    "loss": 0.537616577413347
}