{
    "accuracy": 0.9976851851851852,
    "loss": 0.14961444476136454
}