{
    "accuracy": 0.2777777777777778,
    "loss": 0.2777777777777778
}