{
    "accuracy": 0.2935267857142857,
    "loss": 0.2935267857142857
}