{
    "accuracy": 0.16183035714285715,
    "loss": 0.16183035714285715
}