{
    "accuracy": 0.9814814814814815,
    "loss": 0.08626264526888176
}