{
    "accuracy": 0.16666666666666666,
    "loss": 0.16666666666666666
}