{
    "accuracy": 0.9699074074074074,
    "loss": 0.1196102537214756
}