{
    "accuracy": 0.17075892857142858,
    "loss": 0.17075892857142858
}