{
    "accuracy": 0.16435185185185186,
    "loss": 0.16435185185185186
}