{
    "accuracy": 0.16852678571428573,
    "loss": 0.16852678571428573
}