{
    "accuracy": 0.9587053571428571,
    "loss": 0.22519579529762268
}