{
    "accuracy": 0.16435185185185186,
    "loss": 11.022035669397425
}