{
    "accuracy": 0.17592592592592593,
    "loss": 3.1026329552685774
}